file,toolchain,mode,build_cold_s,build_warm_s,size_bytes,run_s,vm_exit,bin_exit,output_match
bench/clang/fib_rec.zz,base,default,5.030,0.066,25976,1.326,0,0,yes
bench/clang/fib_rec.zz,base,p,3.066,0.069,22832,0.021,0,0,yes
bench/clang/fib_rec.zz,new,default,2.160,0.074,168112,1.791,0,0,yes
bench/clang/fib_rec.zz,new,p,2.986,0.069,18680,0.033,0,0,yes
bench/clang/loop_sum.zz,base,default,4.911,0.073,21616,0.014,0,0,yes
bench/clang/loop_sum.zz,base,p,2.079,0.066,18664,0.013,0,0,yes
bench/clang/loop_sum.zz,new,default,1.539,0.072,167760,0.022,0,0,yes
bench/clang/loop_sum.zz,new,p,2.769,0.066,18680,0.014,0,0,yes
bench/clang/str_build.zz,base,default,5.052,0.067,34680,0.013,0,0,yes
bench/clang/str_build.zz,base,p,4.121,0.069,55608,0.014,0,0,yes
bench/clang/str_build.zz,new,default,1.532,0.077,172912,0.014,0,0,yes
bench/clang/str_build.zz,new,p,2.933,0.072,22864,0.014,0,0,yes
bench/clang/float_math.zz,base,default,4.836,0.075,25928,0.019,0,0,yes
bench/clang/float_math.zz,base,p,2.118,0.073,22760,0.018,0,0,yes
bench/clang/float_math.zz,new,default,1.541,0.071,168096,0.019,0,0,yes
bench/clang/float_math.zz,new,p,2.778,0.101,18680,0.019,0,0,yes
bench/clang/array_sum.zz,base,default,4.947,0.062,26216,0.015,0,0,yes
bench/clang/array_sum.zz,base,p,2.247,0.073,22768,0.015,0,0,yes
bench/clang/array_sum.zz,new,default,1.542,0.072,173424,0.013,0,0,yes
bench/clang/array_sum.zz,new,p,2.844,0.071,18688,0.015,0,0,yes
examples/demo.zz,base,default,5.429,0.092,52192,0.020,0,0,NO(exit=0)
examples/demo.zz,base,p,5.086,0.072,67896,0.016,0,0,NO(exit=0)
examples/demo.zz,new,default,1.593,0.079,204112,0.026,0,0,NO(exit=0)
examples/demo.zz,new,p,3.383,0.069,39248,0.014,0,0,NO(exit=0)
examples/math_example.zz,base,default,4.796,0.073,39472,0.013,0,0,NO(exit=0)
examples/math_example.zz,base,p,3.689,0.073,31040,0.013,0,0,NO(exit=0)
examples/math_example.zz,new,default,1.480,0.067,182864,0.015,0,0,NO(exit=0)
examples/math_example.zz,new,p,3.093,0.068,35160,0.012,0,0,NO(exit=0)
examples/str_example.zz,base,default,4.705,0.068,43584,0.015,0,0,yes
examples/str_example.zz,base,p,4.298,0.066,39232,0.014,0,0,yes
examples/str_example.zz,new,default,1.471,0.069,186760,0.013,0,0,yes
examples/str_example.zz,new,p,3.234,0.066,35160,0.014,0,0,yes
examples/arrays.zz,base,default,4.667,0.063,21496,0.013,0,0,yes
examples/arrays.zz,base,p,2.062,0.063,22760,0.013,0,0,yes
examples/arrays.zz,new,default,1.441,0.064,163480,0.013,0,0,yes
examples/arrays.zz,new,p,2.590,0.066,18680,0.013,0,0,yes
examples/structs.zz,base,default,4.667,0.070,21616,0.014,0,0,yes
examples/structs.zz,base,p,1.988,0.061,18672,0.011,0,0,yes
examples/structs.zz,new,default,1.447,0.068,168336,0.014,0,0,yes
examples/structs.zz,new,p,2.577,0.067,18680,0.014,0,0,yes
examples/consts.zz,base,default,4.632,0.062,34808,0.013,0,0,yes
examples/consts.zz,base,p,3.432,0.061,26936,0.013,0,0,yes
examples/consts.zz,new,default,1.473,0.065,177040,0.012,0,0,yes
examples/consts.zz,new,p,2.871,0.062,26960,0.013,0,0,yes
examples/str_advanced_example.zz,base,default,4.764,0.069,43744,0.015,0,0,yes
examples/str_advanced_example.zz,base,p,4.903,0.071,67904,0.015,0,0,yes
examples/str_advanced_example.zz,new,default,1.482,0.067,192080,0.014,0,0,yes
examples/str_advanced_example.zz,new,p,3.351,0.069,39256,0.014,0,0,yes
examples/for.zz,base,default,4.661,0.058,21744,0.013,0,0,yes
examples/for.zz,base,p,2.020,0.064,22832,0.012,0,0,yes
examples/for.zz,new,default,1.440,0.061,163976,0.013,0,0,yes
examples/for.zz,new,p,2.626,0.064,18760,0.013,0,0,yes
examples/vec_example.zz,base,default,4.852,0.069,47856,0.014,0,0,NO(exit=0)
examples/vec_example.zz,base,p,4.619,0.072,63816,0.014,0,0,NO(exit=0)
examples/vec_example.zz,new,default,1.517,0.073,187584,0.015,0,0,NO(exit=0)
examples/vec_example.zz,new,p,3.493,0.072,39264,0.014,0,0,NO(exit=0)
examples/list.zz,base,default,4.643,0.073,25992,0.015,0,0,NO(exit=0)
examples/list.zz,base,p,2.023,0.071,22768,0.016,0,0,NO(exit=0)
examples/list.zz,new,default,1.441,0.063,168176,0.014,0,0,NO(exit=0)
examples/list.zz,new,p,2.600,0.060,18688,0.012,0,0,NO(exit=0)
examples/iterators.zz,base,default,5.837,0.084,82192,0.016,0,0,NO(exit=0)
examples/iterators.zz,base,p,6.087,0.085,76096,0.013,0,0,NO(exit=0)
examples/iterators.zz,new,default,1.596,0.082,234736,0.015,0,0,NO(exit=0)
examples/iterators.zz,new,p,4.568,0.088,76128,0.013,0,0,NO(exit=0)
examples/encoding_example.zz,base,default,4.709,0.067,43848,0.013,0,0,NO(exit=0)
examples/encoding_example.zz,base,p,3.999,0.065,59728,0.013,0,0,NO(exit=0)
examples/encoding_example.zz,new,default,1.466,0.071,187168,0.013,0,0,NO(exit=0)
examples/encoding_example.zz,new,p,3.180,0.068,31080,0.014,0,0,NO(exit=0)
examples/mathz.zz,base,default,4.656,0.071,21536,0.013,0,0,yes
examples/mathz.zz,base,p,2.061,0.064,22760,0.013,0,0,yes
examples/mathz.zz,new,default,1.420,0.069,163648,0.015,0,0,yes
examples/mathz.zz,new,p,2.631,0.065,18680,0.013,0,0,yes
examples/json_example.zz,base,default,4.748,0.075,56816,0.014,0,0,yes
examples/json_example.zz,base,p,4.808,0.073,76104,0.013,0,0,yes
examples/json_example.zz,new,default,1.484,0.068,201080,0.015,0,0,yes
examples/json_example.zz,new,p,3.477,0.068,47456,0.014,0,0,yes
examples/elvis.zz,base,default,4.712,0.061,39136,0.014,0,0,yes
examples/elvis.zz,base,p,3.662,0.069,51520,0.014,0,0,yes
examples/elvis.zz,new,default,1.451,0.065,182064,0.014,0,0,yes
examples/elvis.zz,new,p,3.068,0.067,31056,0.013,0,0,yes
examples/built_in.zz,base,default,4.667,0.063,22056,0.014,0,0,yes
examples/built_in.zz,base,p,2.172,0.061,22848,0.012,0,0,yes
examples/built_in.zz,new,default,1.423,0.064,168112,0.014,0,0,yes
examples/built_in.zz,new,p,2.657,0.068,18776,0.012,0,0,yes
examples/dict.zz,base,default,4.733,0.061,43752,0.014,0,0,NO(exit=0)
examples/dict.zz,base,p,4.925,0.063,72016,0.014,0,0,NO(exit=0)
examples/dict.zz,new,default,1.420,0.061,183000,0.014,0,0,NO(exit=0)
examples/dict.zz,new,p,2.964,0.064,26984,0.013,0,0,NO(exit=0)
examples/arrow.zz,base,default,4.628,0.067,39056,0.015,0,0,yes
examples/arrow.zz,base,p,3.547,0.066,31032,0.014,0,0,yes
examples/arrow.zz,new,default,1.431,0.067,177232,0.014,0,0,yes
examples/arrow.zz,new,p,2.942,0.068,26960,0.014,0,0,yes
examples/join.zz,base,default,5.128,0.074,39464,0.015,0,0,yes
examples/join.zz,base,p,3.917,0.064,55616,0.014,0,0,yes
examples/join.zz,new,default,1.444,0.069,182264,0.014,0,0,yes
examples/join.zz,new,p,3.031,0.069,26968,0.013,0,0,yes
examples/multi_string.zz,base,default,4.606,0.063,34808,0.013,0,0,yes
examples/multi_string.zz,base,p,3.387,0.063,26936,0.012,0,0,yes
examples/multi_string.zz,new,default,1.434,0.063,177016,0.013,0,0,yes
examples/multi_string.zz,new,p,2.812,0.061,26960,0.012,0,0,yes
examples/multiline.zz,base,default,4.601,0.062,21856,0.013,0,0,yes
examples/multiline.zz,base,p,2.033,0.067,22832,0.014,0,0,yes
examples/multiline.zz,new,default,1.421,0.062,163760,0.014,0,0,yes
examples/multiline.zz,new,p,2.607,0.064,18760,0.012,0,0,yes
examples/test.zz,base,default,4.612,0.066,39224,0.013,0,0,yes
examples/test.zz,base,p,3.507,0.060,51528,0.014,0,0,yes
examples/test.zz,new,default,2.185,0.063,177424,0.013,0,0,yes
examples/test.zz,new,p,2.918,0.067,26976,0.011,0,0,yes
examples/test-if.zz,base,default,4.558,0.057,34840,0.013,0,0,yes
examples/test-if.zz,base,p,3.312,0.065,26936,0.012,0,0,yes
examples/test-if.zz,new,default,1.336,0.065,177208,0.014,0,0,yes
examples/test-if.zz,new,p,3.452,0.106,26960,0.021,0,0,yes
examples/test-string-compare-blocks.zz,base,default,6.146,0.123,25984,0.017,0,0,NO(exit=0)
examples/test-string-compare-blocks.zz,base,p,2.694,0.090,22840,0.022,0,0,NO(exit=0)
examples/test-string-compare-blocks.zz,new,default,1.794,0.089,168936,0.016,0,0,NO(exit=0)
examples/test-string-compare-blocks.zz,new,p,2.805,0.065,18768,0.021,0,0,NO(exit=0)
examples/test-while-string.zz,base,default,5.227,0.070,34728,0.013,0,0,yes
examples/test-while-string.zz,base,p,3.798,0.061,31032,0.013,0,0,yes
examples/test-while-string.zz,new,default,1.497,0.063,177376,0.014,0,0,yes
examples/test-while-string.zz,new,p,2.831,0.075,26960,0.015,0,0,yes
examples/name.zz,base,default,4.598,0.064,34808,0.013,0,0,yes
examples/name.zz,base,p,3.560,0.064,26936,0.014,0,0,yes
examples/name.zz,new,default,1.449,0.066,177000,0.013,0,0,yes
examples/name.zz,new,p,2.986,0.062,26960,0.012,0,0,yes
examples/names-args.zz,base,default,4.910,0.072,34936,0.033,0,0,yes
examples/names-args.zz,base,p,3.764,0.068,51520,0.013,0,0,yes
examples/names-args.zz,new,default,1.438,0.064,177488,0.014,0,0,yes
examples/names-args.zz,new,p,2.931,0.062,26968,0.012,0,0,yes
examples/selective_imports.zz,base,default,5.105,0.087,38936,0.014,0,0,NO(exit=0)
examples/selective_imports.zz,base,p,3.672,0.085,31032,0.014,0,0,NO(exit=0)
examples/selective_imports.zz,new,default,1.492,0.089,187520,0.015,0,0,NO(exit=0)
examples/selective_imports.zz,new,p,3.281,0.099,43344,0.013,0,0,NO(exit=0)
examples/phase3c_demo.zz,base,default,0.467,0,0,0,0,-1,build-fail
examples/phase3c_demo.zz,base,p,0.459,0,0,0,0,-1,build-fail
examples/phase3c_demo.zz,new,default,0.947,0,0,0,0,-1,build-fail
examples/phase3c_demo.zz,new,p,0.900,0,0,0,0,-1,build-fail
examples/test-fstrings.zz,base,default,4.656,0.065,38992,0.013,0,0,yes
examples/test-fstrings.zz,base,p,3.692,0.073,51520,0.015,0,0,yes
examples/test-fstrings.zz,new,default,1.469,0.064,177480,0.014,0,0,yes
examples/test-fstrings.zz,new,p,2.972,0.065,31056,0.012,0,0,yes
tests/fixtures/syntax/declarations.zz,base,default,4.654,0.082,21856,0.012,0,0,yes
tests/fixtures/syntax/declarations.zz,base,p,2.078,0.064,22840,0.015,0,0,yes
tests/fixtures/syntax/declarations.zz,new,default,1.457,0.063,168144,0.013,0,0,yes
tests/fixtures/syntax/declarations.zz,new,p,2.647,0.063,18768,0.013,0,0,yes
tests/fixtures/syntax/functions.zz,base,default,4.721,0.065,39064,0.012,0,0,yes
tests/fixtures/syntax/functions.zz,base,p,3.721,0.063,31032,0.014,0,0,yes
tests/fixtures/syntax/functions.zz,new,default,1.469,0.065,178112,0.014,0,0,yes
tests/fixtures/syntax/functions.zz,new,p,2.884,0.061,26960,0.013,0,0,yes
tests/fixtures/syntax/control_flow.zz,base,default,4.691,0.064,26304,0.013,0,0,yes
tests/fixtures/syntax/control_flow.zz,base,p,2.385,0.064,26936,0.017,0,0,yes
tests/fixtures/syntax/control_flow.zz,new,default,1.447,0.068,174064,0.017,0,0,yes
tests/fixtures/syntax/control_flow.zz,new,p,2.699,0.067,18768,0.013,0,0,yes
tests/fixtures/syntax/match.zz,base,default,4.668,0.066,30408,0.012,0,0,yes
tests/fixtures/syntax/match.zz,base,p,2.229,0.060,22840,0.013,0,0,yes
tests/fixtures/syntax/match.zz,new,default,1.481,0.071,173312,0.013,0,0,yes
tests/fixtures/syntax/match.zz,new,p,2.673,0.065,18768,0.013,0,0,yes
tests/fixtures/syntax/pipelines.zz,base,default,4.661,0.068,26192,0.012,0,0,yes
tests/fixtures/syntax/pipelines.zz,base,p,2.187,0.071,22840,0.015,0,0,yes
tests/fixtures/syntax/pipelines.zz,new,default,1.469,0.066,168856,0.013,0,0,yes
tests/fixtures/syntax/pipelines.zz,new,p,2.721,0.072,18768,0.013,0,0,yes
tests/fixtures/syntax/arrays.zz,base,default,4.729,0.068,30728,0.012,0,0,yes
tests/fixtures/syntax/arrays.zz,base,p,2.733,0.066,31040,0.013,0,0,yes
tests/fixtures/syntax/arrays.zz,new,default,1.464,0.071,178576,0.014,0,0,yes
tests/fixtures/syntax/arrays.zz,new,p,2.814,0.071,22872,0.014,0,0,yes
tests/fixtures/syntax/fstrings.zz,base,default,4.706,0.065,39024,0.015,0,0,yes
tests/fixtures/syntax/fstrings.zz,base,p,3.692,0.064,51520,0.014,0,0,yes
tests/fixtures/syntax/fstrings.zz,new,default,1.475,0.067,182024,0.012,0,0,yes
tests/fixtures/syntax/fstrings.zz,new,p,3.200,0.067,35152,0.013,0,0,yes
tests/fixtures/syntax/operators.zz,base,default,4.762,0.068,26264,0.012,0,0,yes
tests/fixtures/syntax/operators.zz,base,p,2.388,0.065,26936,0.013,0,0,yes
tests/fixtures/syntax/operators.zz,new,default,1.458,0.069,172792,0.014,0,0,yes
tests/fixtures/syntax/operators.zz,new,p,2.705,0.065,18768,0.013,0,0,yes
tests/fixtures/syntax/struct_impl.zz,base,default,0.455,0,0,0,0,-1,build-fail
tests/fixtures/syntax/struct_impl.zz,base,p,0.441,0,0,0,0,-1,build-fail
tests/fixtures/syntax/struct_impl.zz,new,default,0.931,0,0,0,0,-1,build-fail
tests/fixtures/syntax/struct_impl.zz,new,p,0.898,0,0,0,0,-1,build-fail
tests/fixtures/syntax/struct_array_push.zz,base,default,0.446,0,0,0,0,-1,build-fail
tests/fixtures/syntax/struct_array_push.zz,base,p,0.446,0,0,0,0,-1,build-fail
tests/fixtures/syntax/struct_array_push.zz,new,default,0.904,0,0,0,0,-1,build-fail
tests/fixtures/syntax/struct_array_push.zz,new,p,0.886,0,0,0,0,-1,build-fail
tests/fixtures/syntax/pipe_elvis.zz,base,default,4.650,0.067,26352,0.013,0,0,yes
tests/fixtures/syntax/pipe_elvis.zz,base,p,2.185,0.067,22840,0.012,0,0,yes
tests/fixtures/syntax/pipe_elvis.zz,new,default,1.452,0.063,173576,0.012,0,0,yes
tests/fixtures/syntax/pipe_elvis.zz,new,p,2.625,0.065,18768,0.014,0,0,yes
tests/fixtures/syntax/multiline_strings.zz,base,default,4.676,0.069,39024,0.012,0,0,yes
tests/fixtures/syntax/multiline_strings.zz,base,p,3.491,0.065,51512,0.013,0,0,yes
tests/fixtures/syntax/multiline_strings.zz,new,default,1.427,0.069,178136,0.013,0,0,yes
tests/fixtures/syntax/multiline_strings.zz,new,p,2.917,0.068,26960,0.014,0,0,yes
tests/fixtures/syntax/dicts.zz,base,default,4.683,0.066,34752,0.012,0,0,NO(exit=0)
tests/fixtures/syntax/dicts.zz,base,p,3.236,0.073,47416,0.015,0,0,NO(exit=0)
tests/fixtures/syntax/dicts.zz,new,default,1.415,0.066,173712,0.013,0,0,NO(exit=0)
tests/fixtures/syntax/dicts.zz,new,p,2.795,0.067,22864,0.013,0,0,NO(exit=0)
tests/fixtures/syntax/dict_iteration.zz,base,default,4.698,0.068,34800,0.012,0,0,yes
tests/fixtures/syntax/dict_iteration.zz,base,p,3.248,0.065,47416,0.016,0,0,yes
tests/fixtures/syntax/dict_iteration.zz,new,default,1.469,0.066,173744,0.014,0,0,yes
tests/fixtures/syntax/dict_iteration.zz,new,p,2.755,0.070,22864,0.014,0,0,yes
tests/fixtures/syntax/destructuring.zz,base,default,4.676,0.065,22016,0.013,0,0,NO(exit=0)
tests/fixtures/syntax/destructuring.zz,base,p,2.146,0.070,22848,0.014,0,0,NO(exit=0)
tests/fixtures/syntax/destructuring.zz,new,default,1.450,0.073,168272,0.014,0,0,NO(exit=0)
tests/fixtures/syntax/destructuring.zz,new,p,2.651,0.067,18768,0.013,0,0,NO(exit=0)
tests/fixtures/syntax/empty_infer.zz,base,default,4.715,0.068,30608,0.013,0,0,yes
tests/fixtures/syntax/empty_infer.zz,base,p,2.432,0.066,26936,0.014,0,0,yes
tests/fixtures/syntax/empty_infer.zz,new,default,1.509,0.067,174360,0.012,0,0,yes
tests/fixtures/syntax/empty_infer.zz,new,p,2.684,0.067,18768,0.012,0,0,yes
tests/fixtures/syntax/const.zz,base,default,4.669,0.070,26056,0.013,0,0,yes
tests/fixtures/syntax/const.zz,base,p,2.100,0.065,22840,0.014,0,0,yes
tests/fixtures/syntax/const.zz,new,default,1.663,0.062,168280,0.012,0,0,yes
tests/fixtures/syntax/const.zz,new,p,3.150,0.078,18768,0.015,0,0,yes
tests/fixtures/syntax/closure_annotations.zz,base,default,4.948,0.070,30712,0.012,0,0,NO(exit=0)
tests/fixtures/syntax/closure_annotations.zz,base,p,2.049,0.064,22832,0.014,0,0,NO(exit=0)
tests/fixtures/syntax/closure_annotations.zz,new,default,1.480,0.068,173800,0.014,0,0,NO(exit=0)
tests/fixtures/syntax/closure_annotations.zz,new,p,2.690,0.072,18760,0.013,0,0,NO(exit=0)
tests/fixtures/syntax/hof.zz,base,default,4.841,0.069,43680,0.014,0,0,yes
tests/fixtures/syntax/hof.zz,base,p,4.057,0.075,59712,0.014,0,0,yes
tests/fixtures/syntax/hof.zz,new,default,1.465,0.064,183152,0.012,0,0,yes
tests/fixtures/syntax/hof.zz,new,p,2.903,0.069,26968,0.014,0,0,yes
tests/fixtures/syntax/function_types.zz,base,default,4.756,0.067,39224,0.012,0,0,NO(exit=0)
tests/fixtures/syntax/function_types.zz,base,p,3.245,0.068,47416,0.014,0,0,NO(exit=0)
tests/fixtures/syntax/function_types.zz,new,default,1.496,0.071,178616,0.014,0,0,NO(exit=0)
tests/fixtures/syntax/function_types.zz,new,p,2.825,0.068,22864,0.012,0,0,NO(exit=0)
tests/fixtures/syntax/defer.zz,base,default,4.642,0.069,21704,0.013,0,0,yes
tests/fixtures/syntax/defer.zz,base,p,2.166,0.066,22840,0.014,0,0,yes
tests/fixtures/syntax/defer.zz,new,default,1.414,0.070,164800,0.013,0,0,yes
tests/fixtures/syntax/defer.zz,new,p,2.656,0.064,18768,0.013,0,0,yes
tests/fixtures/syntax/return_in_loops.zz,base,default,4.695,0.063,25968,0.012,0,0,yes
tests/fixtures/syntax/return_in_loops.zz,base,p,2.240,0.062,22840,0.012,0,0,yes
tests/fixtures/syntax/return_in_loops.zz,new,default,1.451,0.064,168872,0.013,0,0,yes
tests/fixtures/syntax/return_in_loops.zz,new,p,2.687,0.062,18760,0.013,0,0,yes
tests/fixtures/syntax/question_operator_newline.zz,base,default,0.433,0,0,0,0,-1,build-fail
tests/fixtures/syntax/question_operator_newline.zz,base,p,0.452,0,0,0,0,-1,build-fail
tests/fixtures/syntax/question_operator_newline.zz,new,default,0.894,0,0,0,0,-1,build-fail
tests/fixtures/syntax/question_operator_newline.zz,new,p,0.878,0,0,0,0,-1,build-fail
tests/fixtures/syntax/string_blocks.zz,base,default,4.672,0.065,30232,0.013,0,0,yes
tests/fixtures/syntax/string_blocks.zz,base,p,2.486,0.068,26936,0.013,0,0,yes
tests/fixtures/syntax/string_blocks.zz,new,default,1.417,0.069,173264,0.013,0,0,yes
tests/fixtures/syntax/string_blocks.zz,new,p,2.707,0.064,18768,0.014,0,0,yes
tests/fixtures/syntax/main_entrypoint.zz,base,default,4.649,0.068,21784,0.013,0,0,yes
tests/fixtures/syntax/main_entrypoint.zz,base,p,2.026,0.067,22840,0.014,0,0,yes
tests/fixtures/syntax/main_entrypoint.zz,new,default,1.448,0.068,164056,0.014,0,0,yes
tests/fixtures/syntax/main_entrypoint.zz,new,p,2.652,0.064,18768,0.013,0,0,yes
tests/fixtures/syntax/match_guards.zz,base,default,4.679,0.067,21704,0.013,0,0,yes
tests/fixtures/syntax/match_guards.zz,base,p,2.025,0.119,22832,0.023,0,0,yes
tests/fixtures/syntax/match_guards.zz,new,default,1.453,0.068,163832,0.015,0,0,yes
tests/fixtures/syntax/match_guards.zz,new,p,2.613,0.062,18760,0.013,0,0,yes
tests/fixtures/types/structs.zz,base,default,4.616,0.065,25904,0.012,0,0,yes
tests/fixtures/types/structs.zz,base,p,2.093,0.068,22840,0.013,0,0,yes
tests/fixtures/types/structs.zz,new,default,1.465,0.070,168376,0.012,0,0,yes
tests/fixtures/types/structs.zz,new,p,2.649,0.068,18760,0.015,0,0,yes
tests/fixtures/types/type_inference.zz,base,default,4.679,0.065,34752,0.011,0,0,yes
tests/fixtures/types/type_inference.zz,base,p,3.195,0.062,47416,0.012,0,0,yes
tests/fixtures/types/type_inference.zz,new,default,1.463,0.063,173544,0.012,0,0,yes
tests/fixtures/types/type_inference.zz,new,p,2.744,0.068,22864,0.014,0,0,yes
tests/fixtures/types/generics.zz,base,default,4.716,0.065,39256,0.014,0,0,yes
tests/fixtures/types/generics.zz,base,p,3.583,0.064,31032,0.014,0,0,yes
tests/fixtures/types/generics.zz,new,default,1.510,0.066,183136,0.013,0,0,yes
tests/fixtures/types/generics.zz,new,p,2.917,0.067,26960,0.013,0,0,yes
tests/fixtures/types/generic_bounds.zz,base,default,4.759,0.071,43328,0.013,0,0,yes
tests/fixtures/types/generic_bounds.zz,base,p,3.718,0.068,31032,0.014,0,0,yes
tests/fixtures/types/generic_bounds.zz,new,default,1.463,0.066,182944,0.013,0,0,yes
tests/fixtures/types/generic_bounds.zz,new,p,3.001,0.066,31072,0.014,0,0,yes
tests/fixtures/types/variants.zz,base,default,4.883,0.067,30480,0.013,0,0,yes
tests/fixtures/types/variants.zz,base,p,2.259,0.061,22840,0.013,0,0,yes
tests/fixtures/types/variants.zz,new,default,1.451,0.067,174112,0.013,0,0,yes
tests/fixtures/types/variants.zz,new,p,2.702,0.060,18768,0.013,0,0,yes
tests/fixtures/stdlib/math_ops.zz,base,default,4.683,0.069,26664,0.015,0,0,yes
tests/fixtures/stdlib/math_ops.zz,base,p,2.192,0.067,22848,0.013,0,0,yes
tests/fixtures/stdlib/math_ops.zz,new,default,1.451,0.068,173192,0.014,0,0,yes
tests/fixtures/stdlib/math_ops.zz,new,p,2.630,0.068,18776,0.012,0,0,yes
tests/fixtures/stdlib/strings.zz,base,default,4.685,0.069,26600,0.012,0,0,yes
tests/fixtures/stdlib/strings.zz,base,p,2.621,0.071,31040,0.015,0,0,yes
tests/fixtures/stdlib/strings.zz,new,default,1.460,0.071,173128,0.016,0,0,yes
tests/fixtures/stdlib/strings.zz,new,p,2.889,0.068,22872,0.013,0,0,yes
tests/fixtures/stdlib/vectors.zz,base,default,4.735,0.075,43528,0.012,0,0,yes
tests/fixtures/stdlib/vectors.zz,base,p,3.993,0.069,55624,0.015,0,0,yes
tests/fixtures/stdlib/vectors.zz,new,default,1.481,0.075,182456,0.014,0,0,yes
tests/fixtures/stdlib/vectors.zz,new,p,2.971,0.073,26976,0.014,0,0,yes
tests/fixtures/stdlib/time_ops.zz,base,default,4.669,0.071,26168,0.022,0,0,yes
tests/fixtures/stdlib/time_ops.zz,base,p,2.060,0.068,22856,0.024,0,0,yes
tests/fixtures/stdlib/time_ops.zz,new,default,1.447,0.072,168248,0.023,0,0,yes
tests/fixtures/stdlib/time_ops.zz,new,p,2.671,0.073,18784,0.024,0,0,yes
tests/fixtures/stdlib/encoding_test.zz,base,default,4.826,0.072,43720,0.013,0,0,NO(exit=0)
tests/fixtures/stdlib/encoding_test.zz,base,p,4.007,0.079,59720,0.015,0,0,NO(exit=0)
tests/fixtures/stdlib/encoding_test.zz,new,default,1.462,0.075,188104,0.013,0,0,NO(exit=0)
tests/fixtures/stdlib/encoding_test.zz,new,p,3.320,0.071,35168,0.014,0,0,NO(exit=0)
tests/fixtures/stdlib/console.zz,base,default,4.681,0.067,21768,0.013,0,0,yes
tests/fixtures/stdlib/console.zz,base,p,2.083,0.068,22840,0.013,0,0,yes
tests/fixtures/stdlib/console.zz,new,default,1.554,0.066,163856,0.013,0,0,yes
tests/fixtures/stdlib/console.zz,new,p,2.805,0.067,18768,0.011,0,0,yes
